[
  {
    "code": "004",
    "name": "АФГАНИСТАН",
    "alpha2": "AF"
  },
  {
    "code": "008",
    "name": "АЛБАНИЯ",
    "alpha2": "AL"
  },
  {
    "code": "010",
    "name": "АНТАРКТИДА",
    "alpha2": "AQ"
  },
  {
    "code": "012",
    "name": "АЛЖИР",
    "alpha2": "DZ"
  },
  {
    "code": "016",
    "name": "АМЕРИКАНСКОЕ САМОА",
    "alpha2": "AS"
  },
  {
    "code": "020",
    "name": "АНДОРРА",
    "alpha2": "AD"
  },
  {
    "code": "024",
    "name": "АНГОЛА",
    "alpha2": "AO"
  },
  {
    "code": "028",
    "name": "АНТИГУА И БАРБУДА",
    "alpha2": "AG"
  },
  {
    "code": "031",
    "name": "АЗЕРБАЙДЖАН",
    "alpha2": "AZ"
  },
  {
    "code": "032",
    "name": "АРГЕНТИНА",
    "alpha2": "AR"
  },
  {
    "code": "036",
    "name": "АВСТРАЛИЯ",
    "alpha2": "AU"
  },
  {
    "code": "040",
    "name": "АВСТРИЯ",
    "alpha2": "AT"
  },
  {
    "code": "044",
    "name": "БАГАМЫ",
    "alpha2": "BS"
  },
  {
    "code": "048",
    "name": "БАХРЕЙН",
    "alpha2": "BH"
  },
  {
    "code": "050",
    "name": "БАНГЛАДЕШ",
    "alpha2": "BD"
  },
  {
    "code": "051",
    "name": "АРМЕНИЯ",
    "alpha2": "AM"
  },
  {
    "code": "052",
    "name": "БАРБАДОС",
    "alpha2": "BB"
  },
  {
    "code": "056",
    "name": "БЕЛЬГИЯ",
    "alpha2": "BE"
  },
  {
    "code": "060",
    "name": "БЕРМУДЫ",
    "alpha2": "BM"
  },
  {
    "code": "064",
    "name": "БУТАН",
    "alpha2": "BT"
  },
  {
    "code": "068",
    "name": "БОЛИВИЯ (МНОГОНАЦИОНАЛЬНОЕ ГОСУДАРСТВО)",
    "alpha2": "BO"
  },
  {
    "code": "070",
    "name": "БОСНИЯ И ГЕРЦЕГОВИНА",
    "alpha2": "BA"
  },
  {
    "code": "072",
    "name": "БОТСВАНА",
    "alpha2": "BW"
  },
  {
    "code": "074",
    "name": "ОСТРОВ БУВЕ",
    "alpha2": "BV"
  },
  {
    "code": "076",
    "name": "БРАЗИЛИЯ",
    "alpha2": "BR"
  },
  {
    "code": "084",
    "name": "БЕЛИЗ",
    "alpha2": "BZ"
  },
  {
    "code": "086",
    "name": "БРИТАНСКАЯ ТЕРРИТОРИЯ В ИНДИЙСКОМ ОКЕАНЕ",
    "alpha2": "IO"
  },
  {
    "code": "090",
    "name": "СОЛОМОНОВЫ ОСТРОВА",
    "alpha2": "SB"
  },
  {
    "code": "092",
    "name": "ВИРГИНСКИЕ ОСТРОВА (БРИТАНСКИЕ)",
    "alpha2": "VG"
  },
  {
    "code": "096",
    "name": "БРУНЕЙ-ДАРУССАЛАМ",
    "alpha2": "BN"
  },
  {
    "code": "100",
    "name": "БОЛГАРИЯ",
    "alpha2": "BG"
  },
  {
    "code": "104",
    "name": "МЬЯНМА",
    "alpha2": "MM"
  },
  {
    "code": "108",
    "name": "БУРУНДИ",
    "alpha2": "BI"
  },
  {
    "code": "112",
    "name": "БЕЛАРУСЬ",
    "alpha2": "BY"
  },
  {
    "code": "116",
    "name": "КАМБОДЖА",
    "alpha2": "KH"
  },
  {
    "code": "120",
    "name": "КАМЕРУН",
    "alpha2": "CM"
  },
  {
    "code": "124",
    "name": "КАНАДА",
    "alpha2": "CA"
  },
  {
    "code": "132",
    "name": "КАБО-ВЕРДЕ",
    "alpha2": "CV"
  },
  {
    "code": "136",
    "name": "ОСТРОВА КАЙМАН",
    "alpha2": "KY"
  },
  {
    "code": "140",
    "name": "ЦЕНТРАЛЬНО-АФРИКАНСКАЯ РЕСПУБЛИКА",
    "alpha2": "CF"
  },
  {
    "code": "144",
    "name": "ШРИ-ЛАНКА",
    "alpha2": "LK"
  },
  {
    "code": "148",
    "name": "ЧАД",
    "alpha2": "TD"
  },
  {
    "code": "152",
    "name": "ЧИЛИ",
    "alpha2": "CL"
  },
  {
    "code": "156",
    "name": "КИТАЙ",
    "alpha2": "CN"
  },
  {
    "code": "158",
    "name": "ТАЙВАНЬ (КИТАЙ)",
    "alpha2": "TW"
  },
  {
    "code": "162",
    "name": "ОСТРОВ РОЖДЕСТВА",
    "alpha2": "CX"
  },
  {
    "code": "166",
    "name": "КОКОСОВЫЕ (КИЛИНГ) ОСТРОВА",
    "alpha2": "CC"
  },
  {
    "code": "170",
    "name": "КОЛУМБИЯ",
    "alpha2": "CO"
  },
  {
    "code": "174",
    "name": "КОМОРЫ",
    "alpha2": "KM"
  },
  {
    "code": "175",
    "name": "МАЙОТТА",
    "alpha2": "YT"
  },
  {
    "code": "178",
    "name": "КОНГО",
    "alpha2": "CG"
  },
  {
    "code": "180",
    "name": "КОНГО, ДЕМОКРАТИЧЕСКАЯ РЕСПУБЛИКА",
    "alpha2": "CD"
  },
  {
    "code": "184",
    "name": "ОСТРОВА КУКА",
    "alpha2": "CK"
  },
  {
    "code": "188",
    "name": "КОСТА-РИКА",
    "alpha2": "CR"
  },
  {
    "code": "191",
    "name": "ХОРВАТИЯ",
    "alpha2": "HR"
  },
  {
    "code": "192",
    "name": "КУБА",
    "alpha2": "CU"
  },
  {
    "code": "196",
    "name": "КИПР",
    "alpha2": "CY"
  },
  {
    "code": "203",
    "name": "ЧЕХИЯ",
    "alpha2": "CZ"
  },
  {
    "code": "204",
    "name": "БЕНИН",
    "alpha2": "BJ"
  },
  {
    "code": "208",
    "name": "ДАНИЯ",
    "alpha2": "DK"
  },
  {
    "code": "212",
    "name": "ДОМИНИКА",
    "alpha2": "DM"
  },
  {
    "code": "214",
    "name": "ДОМИНИКАНСКАЯ РЕСПУБЛИКА",
    "alpha2": "DO"
  },
  {
    "code": "218",
    "name": "ЭКВАДОР",
    "alpha2": "EC"
  },
  {
    "code": "222",
    "name": "ЭЛЬ-САЛЬВАДОР",
    "alpha2": "SV"
  },
  {
    "code": "226",
    "name": "ЭКВАТОРИАЛЬНАЯ ГВИНЕЯ",
    "alpha2": "GQ"
  },
  {
    "code": "231",
    "name": "ЭФИОПИЯ",
    "alpha2": "ET"
  },
  {
    "code": "232",
    "name": "ЭРИТРЕЯ",
    "alpha2": "ER"
  },
  {
    "code": "233",
    "name": "ЭСТОНИЯ",
    "alpha2": "EE"
  },
  {
    "code": "234",
    "name": "ФАРЕРСКИЕ ОСТРОВА",
    "alpha2": "FO"
  },
  {
    "code": "238",
    "name": "ФОЛКЛЕНДСКИЕ ОСТРОВА (МАЛЬВИНСКИЕ)",
    "alpha2": "FK"
  },
  {
    "code": "239",
    "name": "ЮЖНАЯ ДЖОРДЖИЯ И ЮЖНЫЕ САНДВИЧЕВЫ ОСТРОВА",
    "alpha2": "GS"
  },
  {
    "code": "242",
    "name": "ФИДЖИ",
    "alpha2": "FJ"
  },
  {
    "code": "246",
    "name": "ФИНЛЯНДИЯ",
    "alpha2": "FI"
  },
  {
    "code": "248",
    "name": "ЭЛАНДСКИЕ ОСТРОВА",
    "alpha2": "AX"
  },
  {
    "code": "250",
    "name": "ФРАНЦИЯ",
    "alpha2": "FR"
  },
  {
    "code": "254",
    "name": "ФРАНЦУЗСКАЯ ГВИАНА",
    "alpha2": "GF"
  },
  {
    "code": "258",
    "name": "ФРАНЦУЗСКАЯ ПОЛИНЕЗИЯ",
    "alpha2": "PF"
  },
  {
    "code": "260",
    "name": "ФРАНЦУЗСКИЕ ЮЖНЫЕ ТЕРРИТОРИИ",
    "alpha2": "TF"
  },
  {
    "code": "262",
    "name": "ДЖИБУТИ",
    "alpha2": "DJ"
  },
  {
    "code": "266",
    "name": "ГАБОН",
    "alpha2": "GA"
  },
  {
    "code": "268",
    "name": "ГРУЗИЯ",
    "alpha2": "GE"
  },
  {
    "code": "270",
    "name": "ГАМБИЯ",
    "alpha2": "GM"
  },
  {
    "code": "275",
    "name": "ПАЛЕСТИНА, ГОСУДАРСТВО",
    "alpha2": "PS"
  },
  {
    "code": "276",
    "name": "ГЕРМАНИЯ",
    "alpha2": "DE"
  },
  {
    "code": "288",
    "name": "ГАНА",
    "alpha2": "GH"
  },
  {
    "code": "292",
    "name": "ГИБРАЛТАР",
    "alpha2": "GI"
  },
  {
    "code": "296",
    "name": "КИРИБАТИ",
    "alpha2": "KI"
  },
  {
    "code": "300",
    "name": "ГРЕЦИЯ",
    "alpha2": "GR"
  },
  {
    "code": "304",
    "name": "ГРЕНЛАНДИЯ",
    "alpha2": "GL"
  },
  {
    "code": "308",
    "name": "ГРЕНАДА",
    "alpha2": "GD"
  },
  {
    "code": "312",
    "name": "ГВАДЕЛУПА",
    "alpha2": "GP"
  },
  {
    "code": "316",
    "name": "ГУАМ",
    "alpha2": "GU"
  },
  {
    "code": "320",
    "name": "ГВАТЕМАЛА",
    "alpha2": "GT"
  },
  {
    "code": "324",
    "name": "ГВИНЕЯ",
    "alpha2": "GN"
  },
  {
    "code": "328",
    "name": "ГАЙАНА",
    "alpha2": "GY"
  },
  {
    "code": "332",
    "name": "ГАИТИ",
    "alpha2": "HT"
  },
  {
    "code": "334",
    "name": "ОСТРОВ ХЕРД И ОСТРОВА МАКДОНАЛЬД",
    "alpha2": "HM"
  },
  {
    "code": "336",
    "name": "ПАПСКИЙ ПРЕСТОЛ (ГОСУДАРСТВО-ГОРОД ВАТИКАН)",
    "alpha2": "VA"
  },
  {
    "code": "340",
    "name": "ГОНДУРАС",
    "alpha2": "HN"
  },
  {
    "code": "344",
    "name": "ГОНКОНГ",
    "alpha2": "HK"
  },
  {
    "code": "348",
    "name": "ВЕНГРИЯ",
    "alpha2": "HU"
  },
  {
    "code": "352",
    "name": "ИСЛАНДИЯ",
    "alpha2": "IS"
  },
  {
    "code": "356",
    "name": "ИНДИЯ",
    "alpha2": "IN"
  },
  {
    "code": "360",
    "name": "ИНДОНЕЗИЯ",
    "alpha2": "ID"
  },
  {
    "code": "364",
    "name": "ИРАН (ИСЛАМСКАЯ РЕСПУБЛИКА)",
    "alpha2": "IR"
  },
  {
    "code": "368",
    "name": "ИРАК",
    "alpha2": "IQ"
  },
  {
    "code": "372",
    "name": "ИРЛАНДИЯ",
    "alpha2": "IE"
  },
  {
    "code": "376",
    "name": "ИЗРАИЛЬ",
    "alpha2": "IL"
  },
  {
    "code": "380",
    "name": "ИТАЛИЯ",
    "alpha2": "IT"
  },
  {
    "code": "384",
    "name": "КОТ Д'ИВУАР",
    "alpha2": "CI"
  },
  {
    "code": "388",
    "name": "ЯМАЙКА",
    "alpha2": "JM"
  },
  {
    "code": "392",
    "name": "ЯПОНИЯ",
    "alpha2": "JP"
  },
  {
    "code": "398",
    "name": "КАЗАХСТАН",
    "alpha2": "KZ"
  },
  {
    "code": "400",
    "name": "ИОРДАНИЯ",
    "alpha2": "JO"
  },
  {
    "code": "404",
    "name": "КЕНИЯ",
    "alpha2": "KE"
  },
  {
    "code": "408",
    "name": "КОРЕЯ (НАРОДНО-ДЕМОКРАТИЧ. РЕСПУБЛИКА)",
    "alpha2": "KP"
  },
  {
    "code": "410",
    "name": "КОРЕЯ, РЕСПУБЛИКА",
    "alpha2": "KR"
  },
  {
    "code": "414",
    "name": "КУВЕЙТ",
    "alpha2": "KW"
  },
  {
    "code": "417",
    "name": "КЫРГЫЗСТАН",
    "alpha2": "KG"
  },
  {
    "code": "418",
    "name": "ЛАОССКАЯ НАРОДНО-ДЕМОКРАТИЧЕСКАЯ РЕСПУБЛИКА",
    "alpha2": "LA"
  },
  {
    "code": "422",
    "name": "ЛИВАН",
    "alpha2": "LB"
  },
  {
    "code": "426",
    "name": "ЛЕСОТО",
    "alpha2": "LS"
  },
  {
    "code": "428",
    "name": "ЛАТВИЯ",
    "alpha2": "LV"
  },
  {
    "code": "430",
    "name": "ЛИБЕРИЯ",
    "alpha2": "LR"
  },
  {
    "code": "434",
    "name": "ЛИВИЯ",
    "alpha2": "LY"
  },
  {
    "code": "438",
    "name": "ЛИХТЕНШТЕЙН",
    "alpha2": "LI"
  },
  {
    "code": "440",
    "name": "ЛИТВА",
    "alpha2": "LT"
  },
  {
    "code": "442",
    "name": "ЛЮКСЕМБУРГ",
    "alpha2": "LU"
  },
  {
    "code": "446",
    "name": "МАКАО",
    "alpha2": "MO"
  },
  {
    "code": "450",
    "name": "МАДАГАСКАР",
    "alpha2": "MG"
  },
  {
    "code": "454",
    "name": "МАЛАВИ",
    "alpha2": "MW"
  },
  {
    "code": "458",
    "name": "МАЛАЙЗИЯ",
    "alpha2": "MY"
  },
  {
    "code": "462",
    "name": "МАЛЬДИВЫ",
    "alpha2": "MV"
  },
  {
    "code": "466",
    "name": "МАЛИ",
    "alpha2": "ML"
  },
  {
    "code": "470",
    "name": "МАЛЬТА",
    "alpha2": "MT"
  },
  {
    "code": "474",
    "name": "МАРТИНИКА",
    "alpha2": "MQ"
  },
  {
    "code": "478",
    "name": "МАВРИТАНИЯ",
    "alpha2": "MR"
  },
  {
    "code": "480",
    "name": "МАВРИКИЙ",
    "alpha2": "MU"
  },
  {
    "code": "484",
    "name": "МЕКСИКА",
    "alpha2": "MX"
  },
  {
    "code": "492",
    "name": "МОНАКО",
    "alpha2": "MC"
  },
  {
    "code": "496",
    "name": "МОНГОЛИЯ",
    "alpha2": "MN"
  },
  {
    "code": "498",
    "name": "МОЛДОВА, РЕСПУБЛИКА",
    "alpha2": "MD"
  },
  {
    "code": "499",
    "name": "ЧЕРНОГОРИЯ",
    "alpha2": "ME"
  },
  {
    "code": "500",
    "name": "МОНТСЕРРАТ",
    "alpha2": "MS"
  },
  {
    "code": "504",
    "name": "МАРОККО",
    "alpha2": "MA"
  },
  {
    "code": "508",
    "name": "МОЗАМБИК",
    "alpha2": "MZ"
  },
  {
    "code": "512",
    "name": "ОМАН",
    "alpha2": "OM"
  },
  {
    "code": "516",
    "name": "НАМИБИЯ",
    "alpha2": "NA"
  },
  {
    "code": "520",
    "name": "НАУРУ",
    "alpha2": "NR"
  },
  {
    "code": "524",
    "name": "НЕПАЛ",
    "alpha2": "NP"
  },
  {
    "code": "528",
    "name": "НИДЕРЛАНДЫ",
    "alpha2": "NL"
  },
  {
    "code": "531",
    "name": "КЮРАСАО",
    "alpha2": "CW"
  },
  {
    "code": "533",
    "name": "АРУБА",
    "alpha2": "AW"
  },
  {
    "code": "534",
    "name": "СЕН-МАРТЕН (нидерландская часть)",
    "alpha2": "SX"
  },
  {
    "code": "535",
    "name": "БОНЭЙР, СИНТ-ЭСТАТИУС И САБА",
    "alpha2": "BQ"
  },
  {
    "code": "540",
    "name": "НОВАЯ КАЛЕДОНИЯ",
    "alpha2": "NC"
  },
  {
    "code": "548",
    "name": "ВАНУАТУ",
    "alpha2": "VU"
  },
  {
    "code": "554",
    "name": "НОВАЯ ЗЕЛАНДИЯ",
    "alpha2": "NZ"
  },
  {
    "code": "558",
    "name": "НИКАРАГУА",
    "alpha2": "NI"
  },
  {
    "code": "562",
    "name": "НИГЕР",
    "alpha2": "NE"
  },
  {
    "code": "566",
    "name": "НИГЕРИЯ",
    "alpha2": "NG"
  },
  {
    "code": "570",
    "name": "НИУЭ",
    "alpha2": "NU"
  },
  {
    "code": "574",
    "name": "ОСТРОВ НОРФОЛК",
    "alpha2": "NF"
  },
  {
    "code": "578",
    "name": "НОРВЕГИЯ",
    "alpha2": "NO"
  },
  {
    "code": "580",
    "name": "СЕВЕРНЫЕ МАРИАНСКИЕ ОСТРОВА",
    "alpha2": "MP"
  },
  {
    "code": "581",
    "name": "МАЛЫЕ ТИХООКЕАНСКИЕ ОТДАЛЕННЫЕ ОСТРОВА СОЕДИНЕННЫХ ШТАТОВ",
    "alpha2": "UM"
  },
  {
    "code": "583",
    "name": "МИКРОНЕЗИЯ (ФЕДЕРАТИВНЫЕ ШТАТЫ)",
    "alpha2": "FM"
  },
  {
    "code": "584",
    "name": "МАРШАЛЛОВЫ ОСТРОВА",
    "alpha2": "MH"
  },
  {
    "code": "585",
    "name": "ПАЛАУ",
    "alpha2": "PW"
  },
  {
    "code": "586",
    "name": "ПАКИСТАН",
    "alpha2": "PK"
  },
  {
    "code": "591",
    "name": "ПАНАМА",
    "alpha2": "PA"
  },
  {
    "code": "598",
    "name": "ПАПУА НОВАЯ ГВИНЕЯ",
    "alpha2": "PG"
  },
  {
    "code": "600",
    "name": "ПАРАГВАЙ",
    "alpha2": "PY"
  },
  {
    "code": "604",
    "name": "ПЕРУ",
    "alpha2": "PE"
  },
  {
    "code": "608",
    "name": "ФИЛИППИНЫ",
    "alpha2": "PH"
  },
  {
    "code": "612",
    "name": "ПИТКЭРН",
    "alpha2": "PN"
  },
  {
    "code": "616",
    "name": "ПОЛЬША",
    "alpha2": "PL"
  },
  {
    "code": "620",
    "name": "ПОРТУГАЛИЯ",
    "alpha2": "PT"
  },
  {
    "code": "624",
    "name": "ГВИНЕЯ-БИСАУ",
    "alpha2": "GW"
  },
  {
    "code": "626",
    "name": "ТИМОР-ЛЕСТЕ",
    "alpha2": "TL"
  },
  {
    "code": "630",
    "name": "ПУЭРТО-РИКО",
    "alpha2": "PR"
  },
  {
    "code": "634",
    "name": "КАТАР",
    "alpha2": "QA"
  },
  {
    "code": "638",
    "name": "РЕЮНЬОН",
    "alpha2": "RE"
  },
  {
    "code": "642",
    "name": "РУМЫНИЯ",
    "alpha2": "RO"
  },
  {
    "code": "643",
    "name": "РОССИЯ",
    "alpha2": "RU"
  },
  {
    "code": "646",
    "name": "РУАНДА",
    "alpha2": "RW"
  },
  {
    "code": "652",
    "name": "СЕН-БАРТЕЛЕМИ",
    "alpha2": "BL"
  },
  {
    "code": "654",
    "name": "СВЯТАЯ ЕЛЕНА, ОСТРОВ ВОЗНЕСЕНИЯ, ТРИСТАН-ДА-КУНЬЯ",
    "alpha2": "SH"
  },
  {
    "code": "659",
    "name": "СЕНТ-КИТС И НЕВИС",
    "alpha2": "KN"
  },
  {
    "code": "660",
    "name": "АНГИЛЬЯ",
    "alpha2": "AI"
  },
  {
    "code": "662",
    "name": "СЕНТ-ЛЮСИЯ",
    "alpha2": "LC"
  },
  {
    "code": "663",
    "name": "СЕН-МАРТЕН (ФРАНЦУЗСКАЯ ЧАСТЬ)",
    "alpha2": "MF"
  },
  {
    "code": "666",
    "name": "СЕНТ-ПЬЕР И МИКЕЛОН",
    "alpha2": "PM"
  },
  {
    "code": "670",
    "name": "СЕНТ-ВИНСЕНТ И ГРЕНАДИНЫ",
    "alpha2": "VC"
  },
  {
    "code": "674",
    "name": "САН-МАРИНО",
    "alpha2": "SM"
  },
  {
    "code": "678",
    "name": "САН-ТОМЕ И ПРИНСИПИ",
    "alpha2": "ST"
  },
  {
    "code": "682",
    "name": "САУДОВСКАЯ АРАВИЯ",
    "alpha2": "SA"
  },
  {
    "code": "686",
    "name": "СЕНЕГАЛ",
    "alpha2": "SN"
  },
  {
    "code": "688",
    "name": "СЕРБИЯ",
    "alpha2": "RS"
  },
  {
    "code": "690",
    "name": "СЕЙШЕЛЫ",
    "alpha2": "SC"
  },
  {
    "code": "694",
    "name": "СЬЕРРА-ЛЕОНЕ",
    "alpha2": "SL"
  },
  {
    "code": "702",
    "name": "СИНГАПУР",
    "alpha2": "SG"
  },
  {
    "code": "703",
    "name": "СЛОВАКИЯ",
    "alpha2": "SK"
  },
  {
    "code": "704",
    "name": "ВЬЕТНАМ",
    "alpha2": "VN"
  },
  {
    "code": "705",
    "name": "СЛОВЕНИЯ",
    "alpha2": "SI"
  },
  {
    "code": "706",
    "name": "СОМАЛИ",
    "alpha2": "SO"
  },
  {
    "code": "710",
    "name": "ЮЖНАЯ АФРИКА",
    "alpha2": "ZA"
  },
  {
    "code": "716",
    "name": "ЗИМБАБВЕ",
    "alpha2": "ZW"
  },
  {
    "code": "724",
    "name": "ИСПАНИЯ",
    "alpha2": "ES"
  },
  {
    "code": "728",
    "name": "ЮЖНЫЙ СУДАН",
    "alpha2": "SS"
  },
  {
    "code": "732",
    "name": "ЗАПАДНАЯ САХАРА",
    "alpha2": "EH"
  },
  {
    "code": "736",
    "name": "СУДАН",
    "alpha2": "SD"
  },
  {
    "code": "740",
    "name": "СУРИНАМ",
    "alpha2": "SR"
  },
  {
    "code": "744",
    "name": "ШПИЦБЕРГЕН И ЯН МАЙЕН",
    "alpha2": "SJ"
  },
  {
    "code": "748",
    "name": "ЭСВАТИНИ",
    "alpha2": "SZ"
  },
  {
    "code": "752",
    "name": "ШВЕЦИЯ",
    "alpha2": "SE"
  },
  {
    "code": "756",
    "name": "ШВЕЙЦАРИЯ",
    "alpha2": "CH"
  },
  {
    "code": "760",
    "name": "СИРИЙСКАЯ АРАБСКАЯ РЕСПУБЛИКА",
    "alpha2": "SY"
  },
  {
    "code": "762",
    "name": "ТАДЖИКИСТАН",
    "alpha2": "TJ"
  },
  {
    "code": "764",
    "name": "ТАИЛАНД",
    "alpha2": "TH"
  },
  {
    "code": "768",
    "name": "ТОГО",
    "alpha2": "TG"
  },
  {
    "code": "772",
    "name": "ТОКЕЛАУ",
    "alpha2": "TK"
  },
  {
    "code": "776",
    "name": "ТОНГА",
    "alpha2": "TO"
  },
  {
    "code": "780",
    "name": "ТРИНИДАД И ТОБАГО",
    "alpha2": "TT"
  },
  {
    "code": "784",
    "name": "ОБЪЕДИНЕННЫЕ АРАБСКИЕ ЭМИРАТЫ",
    "alpha2": "AE"
  },
  {
    "code": "788",
    "name": "ТУНИС",
    "alpha2": "TN"
  },
  {
    "code": "792",
    "name": "ТУРЦИЯ",
    "alpha2": "TR"
  },
  {
    "code": "795",
    "name": "ТУРКМЕНИСТАН",
    "alpha2": "TM"
  },
  {
    "code": "796",
    "name": "ОСТРОВА ТЕРКС И КАЙКОС",
    "alpha2": "TC"
  },
  {
    "code": "798",
    "name": "ТУВАЛУ",
    "alpha2": "TV"
  },
  {
    "code": "800",
    "name": "УГАНДА",
    "alpha2": "UG"
  },
  {
    "code": "804",
    "name": "УКРАИНА",
    "alpha2": "UA"
  },
  {
    "code": "807",
    "name": "СЕВЕРНАЯ МАКЕДОНИЯ",
    "alpha2": "MK"
  },
  {
    "code": "818",
    "name": "ЕГИПЕТ",
    "alpha2": "EG"
  },
  {
    "code": "826",
    "name": "СОЕДИНЕННОЕ КОРОЛЕВСТВО",
    "alpha2": "GB"
  },
  {
    "code": "831",
    "name": "ГЕРНСИ",
    "alpha2": "GG"
  },
  {
    "code": "832",
    "name": "ДЖЕРСИ",
    "alpha2": "JE"
  },
  {
    "code": "833",
    "name": "ОСТРОВ МЭН",
    "alpha2": "IM"
  },
  {
    "code": "834",
    "name": "ТАНЗАНИЯ, ОБЪЕДИНЕННАЯ РЕСПУБЛИКА",
    "alpha2": "TZ"
  },
  {
    "code": "840",
    "name": "СОЕДИНЕННЫЕ ШТАТЫ",
    "alpha2": "US"
  },
  {
    "code": "850",
    "name": "ВИРГИНСКИЕ ОСТРОВА (США)",
    "alpha2": "VI"
  },
  {
    "code": "854",
    "name": "БУРКИНА-ФАСО",
    "alpha2": "BF"
  },
  {
    "code": "858",
    "name": "УРУГВАЙ",
    "alpha2": "UY"
  },
  {
    "code": "860",
    "name": "УЗБЕКИСТАН",
    "alpha2": "UZ"
  },
  {
    "code": "862",
    "name": "ВЕНЕСУЭЛА (БОЛИВАРИАНСКАЯ РЕСПУБЛИКА)",
    "alpha2": "VE"
  },
  {
    "code": "876",
    "name": "УОЛЛИС И ФУТУНА",
    "alpha2": "WF"
  },
  {
    "code": "882",
    "name": "САМОА",
    "alpha2": "WS"
  },
  {
    "code": "887",
    "name": "ЙЕМЕН",
    "alpha2": "YE"
  },
  {
    "code": "894",
    "name": "ЗАМБИЯ",
    "alpha2": "ZM"
  }
]